date,open,low,high,close,volume
2026-09-08 09:30:00,1.34,1.27,1.34,1.32,84143.0
2026-09-08 10:00:00,1.33,1.3,1.33,1.32,49747.0
2026-09-08 10:30:00,1.32,1.32,1.34,1.33,46526.0
2026-09-08 11:00:00,1.32,1.31,1.33,1.31,18970.0
2026-09-08 11:30:00,1.32,1.31,1.34,1.34,38228.0
2026-09-08 12:00:00,1.34,1.33,1.35,1.35,21766.0
2026-09-08 12:30:00,1.35,1.34,1.35,1.34,11376.0
2026-09-08 13:00:00,1.35,1.33,1.35,1.34,23086.0
2026-09-08 13:30:00,1.34,1.32,1.34,1.33,38723.83380000002
2026-09-08 14:00:00,1.34,1.32,1.34,1.33,22089.0
2026-09-08 14:30:00,1.33,1.32,1.34,1.33,62215.0
2026-09-08 15:00:00,1.34,1.33,1.34,1.33,16614.0
2026-09-08 15:30:00,1.34,1.29,1.34,1.29,211423.0
2026-09-09 09:30:00,1.28,1.23,1.29,1.29,167828.0
2026-09-09 10:00:00,1.29,1.29,1.3,1.29,85263.0
2026-09-09 10:30:00,1.29,1.29,1.31,1.29,65510.0
2026-09-09 11:00:00,1.29,1.29,1.31,1.3,66665.0
2026-09-09 11:30:00,1.3,1.25,1.3,1.25,41432.0
2026-09-09 12:00:00,1.25,1.25,1.27,1.25,22564.0
2026-09-09 12:30:00,1.25,1.25,1.29,1.29,59541.0
2026-09-09 13:00:00,1.29,1.28,1.29,1.29,42916.0
2026-09-09 13:30:00,1.29,1.28,1.29,1.29,38267.0
2026-09-09 14:00:00,1.29,1.28,1.29,1.29,40537.0
2026-09-09 14:30:00,1.29,1.28,1.29,1.29,20467.0
2026-09-09 15:00:00,1.29,1.26,1.29,1.26,24010.0
2026-09-09 15:30:00,1.27,1.2,1.28,1.21,190943.0
2026-09-10 09:30:00,1.21,1.19,1.24,1.24,60375.0
2026-09-10 10:00:00,1.23,1.22,1.24,1.24,36297.0
2026-09-10 10:30:00,1.23,1.2,1.23,1.2,42143.0
2026-09-10 11:00:00,1.19,1.17,1.19,1.17,60937.0
2026-09-10 11:30:00,1.17,1.15,1.17,1.15,54157.0
2026-09-10 12:00:00,1.15,1.13,1.15,1.13,29305.0
2026-09-10 12:30:00,1.13,1.13,1.14,1.14,35462.0
2026-09-10 13:00:00,1.13,1.12,1.13,1.13,35185.0
2026-09-10 13:30:00,1.12,1.1,1.12,1.11,40160.0
2026-09-10 14:00:00,1.1,1.1,1.11,1.11,34010.0
2026-09-10 14:30:00,1.1,1.09,1.1,1.09,39924.0
2026-09-10 15:00:00,1.08,1.07,1.12,1.11,75064.0
2026-09-10 15:30:00,1.1,1.09,1.11,1.11,122093.0
2026-09-11 09:30:00,1.14,1.09,1.14,1.1,51052.0
2026-09-11 10:00:00,1.09,1.07,1.09,1.07,37152.0
2026-09-11 10:30:00,1.07,1.05,1.07,1.06,25460.0
2026-09-11 11:00:00,1.05,1.04,1.06,1.05,67222.0
2026-09-11 11:30:00,1.06,1.05,1.06,1.05,21511.0
2026-09-11 12:00:00,1.06,1.05,1.06,1.05,25330.0
2026-09-11 12:30:00,1.05,1.05,1.06,1.05,41501.0
2026-09-11 13:00:00,1.06,1.05,1.08,1.08,48402.0
2026-09-11 13:30:00,1.08,1.07,1.08,1.08,20384.0
2026-09-11 14:00:00,1.08,1.07,1.08,1.08,19001.0
2026-09-11 14:30:00,1.08,1.07,1.08,1.07,29177.0
2026-09-11 15:00:00,1.07,1.07,1.08,1.07,59286.0
2026-09-11 15:30:00,1.07,1.06,1.07,1.07,145728.0
2026-09-14 09:30:00,1.07,1.06,1.11,1.08,184395.0
2026-09-14 10:00:00,1.08,1.07,1.09,1.08,28993.0
2026-09-14 10:30:00,1.07,1.07,1.09,1.09,25822.996379999997
2026-09-14 11:00:00,1.09,1.08,1.09,1.09,42250.0
2026-09-14 11:30:00,1.09,1.09,1.11,1.11,64942.0
2026-09-14 12:00:00,1.11,1.1,1.11,1.1,8625.0
2026-09-14 12:30:00,1.11,1.1,1.11,1.11,11515.0
2026-09-14 13:00:00,1.11,1.1,1.11,1.1,17975.0
2026-09-14 13:30:00,1.1,1.09,1.1,1.1,49573.0
2026-09-14 14:00:00,1.1,1.09,1.1,1.09,15425.0
2026-09-14 14:30:00,1.09,1.09,1.1,1.1,25327.0
2026-09-14 15:00:00,1.1,1.09,1.1,1.1,30853.0
2026-09-14 15:30:00,1.1,1.09,1.11,1.11,114164.0
2026-09-15 09:30:00,1.1,1.05,1.1,1.06,38886.0
2026-09-15 10:00:00,1.05,1.03,1.05,1.04,32420.0
2026-09-15 10:30:00,1.04,1.04,1.05,1.04,15482.0
2026-09-15 11:00:00,1.04,1.03,1.04,1.03,28702.0
2026-09-15 11:30:00,1.03,1.03,1.03,1.03,26158.0
2026-09-15 12:00:00,1.03,1.03,1.04,1.04,20852.0
2026-09-15 12:30:00,1.04,1.03,1.04,1.03,11939.0
2026-09-15 13:00:00,1.04,1.03,1.05,1.05,42398.0
2026-09-15 13:30:00,1.04,1.04,1.05,1.05,17132.0
2026-09-15 14:00:00,1.06,1.05,1.07,1.06,60640.0
2026-09-15 14:30:00,1.05,1.05,1.07,1.07,22764.0
2026-09-15 15:00:00,1.06,1.06,1.07,1.07,78042.0
2026-09-15 15:30:00,1.07,1.06,1.09,1.08,108791.0
2026-09-16 09:30:00,1.08,1.06,1.09,1.09,21943.0
2026-09-16 10:00:00,1.07,1.07,1.09,1.08,31266.0
2026-09-16 10:30:00,1.08,1.08,1.1,1.1,25687.0
2026-09-16 11:00:00,1.09,1.04,1.09,1.06,443928.0
2026-09-16 11:30:00,1.06,1.06,1.09,1.07,71730.0
2026-09-16 12:00:00,1.08,1.05,1.08,1.06,56577.0
2026-09-16 12:30:00,1.05,1.05,1.07,1.06,47555.0
2026-09-16 13:00:00,1.06,1.06,1.07,1.07,72615.0
2026-09-16 13:30:00,1.07,1.06,1.07,1.07,40881.0
2026-09-16 14:00:00,1.07,1.06,1.08,1.07,86157.0
2026-09-16 14:30:00,1.07,1.03,1.07,1.03,63637.0
2026-09-16 15:00:00,1.03,1.03,1.04,1.04,81571.0
2026-09-16 15:30:00,1.04,1.03,1.05,1.05,140645.0
2026-09-17 09:30:00,1.06,1.06,1.1,1.07,75112.0
2026-09-17 10:00:00,1.08,1.06,1.08,1.07,28391.0
2026-09-17 10:30:00,1.07,1.07,1.09,1.08,38408.0
2026-09-17 11:00:00,1.07,1.05,1.07,1.05,46180.0
2026-09-17 11:30:00,1.05,1.01,1.06,1.01,20461.0
2026-09-17 12:00:00,1.01,1.01,1.04,1.03,66942.26161000005
2026-09-17 12:30:00,1.03,1.03,1.04,1.03,44567.0
2026-09-17 13:00:00,1.03,1.03,1.04,1.03,30659.0
2026-09-17 13:30:00,1.04,1.03,1.04,1.04,31277.0
2026-09-17 14:00:00,1.04,1.03,1.05,1.04,44032.0
2026-09-17 14:30:00,1.04,1.04,1.06,1.05,49245.0
2026-09-17 15:00:00,1.05,1.04,1.06,1.05,86247.0
2026-09-17 15:30:00,1.05,1.04,1.06,1.05,181407.0
2026-09-18 09:30:00,1.06,1.05,1.07,1.07,114863.0
2026-09-18 10:00:00,1.07,1.07,1.1,1.1,48060.0
2026-09-18 10:30:00,1.11,1.11,1.13,1.12,39998.0
2026-09-18 11:00:00,1.13,1.11,1.13,1.13,31065.0
2026-09-18 11:30:00,1.13,1.13,1.14,1.14,35508.0
2026-09-18 12:00:00,1.14,1.13,1.15,1.14,42740.0
2026-09-18 12:30:00,1.13,1.12,1.13,1.12,35164.0
2026-09-18 13:00:00,1.12,1.12,1.12,1.12,6735.0
2026-09-18 13:30:00,1.12,1.11,1.12,1.12,15391.0
2026-09-18 14:00:00,1.12,1.1,1.12,1.1,33337.0
2026-09-18 14:30:00,1.1,1.09,1.1,1.1,49906.0
2026-09-18 15:00:00,1.1,1.09,1.11,1.09,85327.0
2026-09-18 15:30:00,1.09,1.05,1.09,1.05,103029.0
2026-09-21 09:30:00,1.05,1.03,1.09,1.08,92700.0
2026-09-21 10:00:00,1.08,1.07,1.09,1.09,79570.7317
2026-09-21 10:30:00,1.08,1.08,1.1,1.1,86090.0
2026-09-21 11:00:00,1.1,1.08,1.1,1.09,66754.0
2026-09-21 11:30:00,1.09,1.09,1.11,1.1,120428.0
2026-09-21 12:00:00,1.09,1.09,1.11,1.11,113295.0
2026-09-21 12:30:00,1.1,1.1,1.11,1.11,114224.0
2026-09-21 13:00:00,1.11,1.1,1.11,1.11,129723.0
2026-09-21 13:30:00,1.11,1.1,1.11,1.11,50347.0
2026-09-21 14:00:00,1.1,1.1,1.12,1.1,74604.0
2026-09-21 14:30:00,1.1,1.1,1.13,1.13,446652.0
2026-09-21 15:00:00,1.12,1.12,1.13,1.13,174137.0
2026-09-21 15:30:00,1.13,1.11,1.13,1.11,178678.0
2026-09-22 09:30:00,1.13,1.12,1.15,1.12,60348.0
2026-09-22 10:00:00,1.13,1.13,1.18,1.16,242622.0
2026-09-22 10:30:00,1.17,1.17,1.2,1.195,81209.0
2026-09-22 11:00:00,1.2,1.2,1.22,1.22,81506.0
2026-09-22 11:30:00,1.22,1.21,1.22,1.22,110737.0
2026-09-22 12:00:00,1.22,1.21,1.22,1.22,52721.0
2026-09-22 12:30:00,1.21,1.21,1.24,1.24,79954.0
2026-09-22 13:00:00,1.24,1.21,1.25,1.21,91987.0
2026-09-22 13:30:00,1.21,1.21,1.23,1.23,97272.0
2026-09-22 14:00:00,1.23,1.23,1.23,1.23,81266.0
2026-09-22 14:30:00,1.23,1.22,1.23,1.23,106413.0
2026-09-22 15:00:00,1.23,1.22,1.23,1.23,84244.0
2026-09-22 15:30:00,1.23,1.22,1.23,1.23,161686.0
2026-09-23 09:30:00,1.24,1.23,1.29,1.25,102272.0
2026-09-23 10:00:00,1.25,1.22,1.29,1.25,117479.0
2026-09-23 10:30:00,1.24,1.22,1.25,1.22,151166.0
2026-09-23 11:00:00,1.22,1.22,1.25,1.25,70712.0
2026-09-23 11:30:00,1.26,1.25,1.26,1.26,81955.0
2026-09-23 12:00:00,1.26,1.26,1.27,1.27,53426.0
2026-09-23 12:30:00,1.27,1.26,1.27,1.27,81986.0
2026-09-23 13:00:00,1.27,1.26,1.27,1.27,57122.0
2026-09-23 13:30:00,1.27,1.27,1.29,1.29,72450.0
2026-09-23 14:00:00,1.29,1.27,1.29,1.28,65642.0
2026-09-23 14:30:00,1.27,1.27,1.29,1.28,57596.0
2026-09-23 15:00:00,1.28,1.27,1.31,1.3,124412.0
2026-09-23 15:30:00,1.3,1.29,1.32,1.31,371058.0
2026-09-24 09:30:00,1.27,1.25,1.27,1.26,167371.0
2026-09-24 10:00:00,1.25,1.25,1.27,1.27,114205.0
2026-09-24 10:30:00,1.28,1.26,1.3,1.26,113388.0
2026-09-24 11:00:00,1.25,1.25,1.26,1.26,116124.0
2026-09-24 11:30:00,1.26,1.25,1.26,1.26,38948.0
2026-09-24 12:00:00,1.25,1.25,1.28,1.28,80873.0
2026-09-24 12:30:00,1.27,1.26,1.27,1.26,58912.0
2026-09-24 13:00:00,1.26,1.26,1.29,1.29,84304.0
2026-09-24 13:30:00,1.28,1.27,1.28,1.28,60212.0
2026-09-24 14:00:00,1.28,1.27,1.29,1.28,99845.0
2026-09-24 14:30:00,1.29,1.29,1.3,1.3,68684.0
2026-09-24 15:00:00,1.3,1.28,1.3,1.29,97596.0
2026-09-24 15:30:00,1.29,1.27,1.29,1.27,222828.0
2026-09-25 09:30:00,1.25,1.24,1.29,1.29,122570.0
2026-09-25 10:00:00,1.28,1.26,1.28,1.26,63266.0
2026-09-25 10:30:00,1.26,1.26,1.26,1.26,24705.0
2026-09-25 11:00:00,1.26,1.26,1.27,1.27,51506.0
2026-09-25 11:30:00,1.27,1.25,1.27,1.25,29764.0
2026-09-25 12:00:00,1.26,1.25,1.27,1.27,59485.0
2026-09-25 12:30:00,1.27,1.26,1.27,1.27,70231.0
2026-09-25 13:00:00,1.28,1.26,1.28,1.27,32274.0
2026-09-25 13:30:00,1.27,1.27,1.28,1.27,27081.0
2026-09-25 14:00:00,1.27,1.27,1.28,1.27,34700.0
2026-09-25 14:30:00,1.27,1.27,1.28,1.27,23011.0
2026-09-25 15:00:00,1.27,1.26,1.27,1.26,84039.0
2026-09-25 15:30:00,1.27,1.25,1.27,1.26,242094.0
2026-09-28 09:30:00,1.24,1.2,1.25,1.2,89023.0
2026-09-28 10:00:00,1.21,1.21,1.22,1.215,34275.0
2026-09-28 10:30:00,1.22,1.22,1.24,1.24,27503.0
2026-09-28 11:00:00,1.24,1.23,1.24,1.24,19651.0
2026-09-28 11:30:00,1.24,1.23,1.25,1.25,55301.0
2026-09-28 12:00:00,1.25,1.24,1.25,1.24,39364.0
2026-09-28 12:30:00,1.25,1.24,1.25,1.25,7709.0
2026-09-28 13:00:00,1.24,1.24,1.26,1.26,58612.0
2026-09-28 13:30:00,1.26,1.26,1.27,1.26,9344.0
2026-09-28 14:00:00,1.265,1.26,1.27,1.26,18178.745779999997
2026-09-28 14:30:00,1.25,1.25,1.26,1.26,32576.0
2026-09-28 15:00:00,1.25,1.25,1.26,1.26,32291.0
2026-09-28 15:30:00,1.26,1.24,1.26,1.25,150232.0
2026-09-29 09:30:00,1.27,1.22,1.29,1.22,30770.0
2026-09-29 10:00:00,1.22,1.2,1.23,1.22,45064.0
2026-09-29 10:30:00,1.21,1.21,1.23,1.23,49708.0
2026-09-29 11:00:00,1.22,1.21,1.23,1.23,64161.0
2026-09-29 11:30:00,1.23,1.22,1.23,1.22,19523.0
2026-09-29 12:00:00,1.23,1.22,1.23,1.22,20457.0
2026-09-29 12:30:00,1.23,1.22,1.23,1.23,31633.0
2026-09-29 13:00:00,1.23,1.22,1.23,1.23,66564.0
2026-09-29 13:30:00,1.24,1.24,1.24,1.24,17027.0
2026-09-29 14:00:00,1.24,1.23,1.25,1.24,47398.0
2026-09-29 14:30:00,1.24,1.23,1.24,1.24,81456.0
2026-09-29 15:00:00,1.24,1.24,1.24,1.24,34332.0
2026-09-29 15:30:00,1.24,1.22,1.24,1.22,126466.0
2026-09-30 09:30:00,1.23,1.22,1.26,1.24,104589.0
2026-09-30 10:00:00,1.24,1.23,1.27,1.25,47918.0
2026-09-30 10:30:00,1.25,1.25,1.27,1.26,44716.0
2026-09-30 11:00:00,1.25,1.25,1.28,1.27,108998.0
2026-09-30 11:30:00,1.27,1.26,1.28,1.27,37563.0
2026-09-30 12:00:00,1.27,1.26,1.27,1.26,44697.0
2026-09-30 12:30:00,1.26,1.26,1.27,1.26,29452.0
2026-09-30 13:00:00,1.26,1.25,1.27,1.25,39975.0
2026-09-30 13:30:00,1.25,1.25,1.26,1.25,18738.0
2026-09-30 14:00:00,1.25,1.25,1.26,1.25,22578.0
2026-09-30 14:30:00,1.25,1.25,1.26,1.26,21452.0
2026-09-30 15:00:00,1.25,1.25,1.26,1.25,32010.0
2026-09-30 15:30:00,1.26,1.2,1.26,1.21,131449.0
2026-10-01 09:30:00,1.19,1.15,1.19,1.15,56010.0
2026-10-01 10:00:00,1.14,1.13,1.16,1.16,37774.0
2026-10-01 10:30:00,1.15,1.14,1.15,1.14,21676.0
2026-10-01 11:00:00,1.14,1.13,1.14,1.13,29631.0
2026-10-01 11:30:00,1.13,1.13,1.14,1.14,32978.0
2026-10-01 12:00:00,1.14,1.12,1.15,1.13,77024.0
2026-10-01 12:30:00,1.13,1.12,1.13,1.12,17535.0
2026-10-01 13:00:00,1.12,1.11,1.12,1.12,35409.0
2026-10-01 13:30:00,1.13,1.13,1.14,1.13,48891.0
2026-10-01 14:00:00,1.13,1.11,1.13,1.12,35973.0
2026-10-01 14:30:00,1.12,1.1,1.12,1.1,28572.0
2026-10-01 15:00:00,1.11,1.1,1.11,1.1,10632.0
2026-10-01 15:30:00,1.1,1.07,1.12,1.07,94343.0
2026-10-02 09:30:00,1.11,1.06,1.11,1.06,51179.0
2026-10-02 10:00:00,1.07,1.07,1.13,1.12,110241.0
2026-10-02 10:30:00,1.12,1.12,1.13,1.12,103813.0
2026-10-02 11:00:00,1.13,1.12,1.13,1.13,82822.0
2026-10-02 11:30:00,1.13,1.13,1.14,1.14,46592.0
2026-10-02 12:00:00,1.14,1.13,1.14,1.14,30978.0
2026-10-02 12:30:00,1.14,1.13,1.14,1.14,38441.0
2026-10-02 13:00:00,1.14,1.13,1.14,1.14,56080.0
2026-10-02 13:30:00,1.13,1.13,1.14,1.14,27697.0
2026-10-02 14:00:00,1.14,1.12,1.14,1.12,96541.0
2026-10-02 14:30:00,1.12,1.11,1.12,1.12,25643.0
2026-10-02 15:00:00,1.12,1.12,1.13,1.13,50109.0
2026-10-02 15:30:00,1.13,1.12,1.13,1.13,166996.0
2026-10-05 09:30:00,1.12,1.11,1.16,1.15,107595.0
2026-10-05 10:00:00,1.15,1.15,1.17,1.17,92545.0
2026-10-05 10:30:00,1.16,1.16,1.19,1.17,82064.0
2026-10-05 11:00:00,1.17,1.17,1.2,1.18,158227.0
2026-10-05 11:30:00,1.18,1.18,1.2,1.2,29363.0
2026-10-05 12:00:00,1.2,1.2,1.21,1.21,42744.0
2026-10-05 12:30:00,1.21,1.2,1.22,1.22,68859.0
2026-10-05 13:00:00,1.21,1.21,1.22,1.21,58037.0
2026-10-05 13:30:00,1.21,1.2,1.22,1.21,24059.0
2026-10-05 14:00:00,1.21,1.2,1.21,1.2,23199.0
2026-10-05 14:30:00,1.2,1.2,1.23,1.23,90110.0
2026-10-05 15:00:00,1.23,1.22,1.26,1.23,546532.0
2026-10-05 15:30:00,1.23,1.22,1.24,1.22,243316.49049
2026-10-06 09:30:00,1.25,1.2,1.26,1.2,181732.0
2026-10-06 10:00:00,1.21,1.2,1.24,1.24,214809.0
2026-10-06 10:30:00,1.24,1.22,1.25,1.25,81791.0
2026-10-06 11:00:00,1.25,1.25,1.26,1.26,99032.0
2026-10-06 11:30:00,1.25,1.24,1.26,1.24,32587.0
2026-10-06 12:00:00,1.25,1.23,1.25,1.24,111419.0
2026-10-06 12:30:00,1.24,1.23,1.25,1.23,33517.0
2026-10-06 13:00:00,1.23,1.21,1.23,1.22,123949.0
2026-10-06 13:30:00,1.22,1.22,1.24,1.24,70296.0
2026-10-06 14:00:00,1.23,1.23,1.24,1.23,11747.0
2026-10-06 14:30:00,1.24,1.23,1.24,1.24,16099.0
2026-10-06 15:00:00,1.23,1.23,1.24,1.24,34362.0
2026-10-06 15:30:00,1.24,1.23,1.27,1.27,80423.0
2026-10-07 09:30:00,1.26,1.24,1.32,1.31,81970.0
2026-10-07 10:00:00,1.31,1.31,1.34,1.33,56192.0
2026-10-07 10:30:00,1.34,1.33,1.38,1.37,91216.0
2026-10-07 11:00:00,1.37,1.37,1.41,1.38,124769.0
2026-10-07 11:30:00,1.38,1.38,1.39,1.38,6479.0
2026-10-07 12:00:00,1.37,1.365,1.3794,1.375,69729.0
2026-10-07 12:30:00,1.37,1.37,1.38,1.37,35438.0
2026-10-07 13:00:00,1.37,1.37,1.38,1.375,113510.0
2026-10-07 13:30:00,1.375,1.37,1.38,1.375,39858.0
2026-10-07 14:00:00,1.375,1.37,1.39,1.385,48150.0
2026-10-07 14:30:00,1.39,1.385,1.435,1.43,132755.0
2026-10-07 15:00:00,1.43,1.41,1.44,1.411,201418.0
2026-10-07 15:30:00,1.41,1.405,1.43,1.42,295410.0
