date,open,high,low,close,volume,VWAP
2025-06-02,587.76,592.79,585.06,592.71,61630500,589.58
2025-06-03,592.34,597.08,591.85,596.09,63606200,594.34
2025-06-04,596.96,597.95,595.49,595.93,57314200,596.58
2025-06-05,597.63,599.0,591.05,593.05,92278700,595.18
2025-06-06,598.66,600.83,596.86,599.14,66588700,598.87
2025-06-09,599.72,601.25,598.49,599.68,53016400,599.78
2025-06-10,600.22,603.47,599.09,603.08,66247000,601.46
2025-06-11,604.19,605.06,599.27,601.36,73658200,602.47
2025-06-12,600.01,603.75,599.52,603.75,64129000,601.76
2025-06-13,598.5,601.85,595.48,597.0,89506000,598.21
2025-06-16,600.4,604.45,600.22,602.68,79984100,601.94
2025-06-17,600.21,601.75,596.76,597.53,82209400,599.06
2025-06-18,598.44,601.22,596.47,597.44,76605000,598.39
2025-06-20,598.38,599.46,592.86,594.28,94051400,596.25
2025-06-23,595.04,600.54,591.89,600.15,87426000,596.9
2025-06-24,604.33,607.85,603.41,606.78,67735300,605.59
2025-06-25,607.91,608.61,605.54,607.12,62114800,607.29
2025-06-26,608.99,612.31,608.37,611.87,78548400,610.38
2025-06-27,612.88,616.39,610.83,614.91,86258400,613.75
2025-06-30,617.38,619.22,615.04,617.85,92502500,617.37
2025-07-01,616.36,618.83,615.52,617.65,70030100,617.09
2025-07-02,617.24,620.49,616.61,620.45,66510400,618.7
2025-07-03,622.45,626.28,622.43,625.34,51065800,624.13
2025-07-07,623.36,624.03,617.87,620.68,74814500,621.49
2025-07-08,621.35,622.11,619.52,620.34,59024600,620.83
2025-07-09,622.77,624.72,620.91,624.06,66113300,623.11
2025-07-10,624.2,626.87,623.01,625.82,57529000,624.98
2025-07-11,622.74,624.86,621.53,623.62,63670200,623.19
2025-07-14,623.16,625.16,621.8,624.81,51898500,623.73
2025-07-15,627.52,627.86,622.06,622.14,74317300,624.9
2025-07-16,623.74,624.73,618.05,624.22,88987500,622.68
2025-07-17,624.4,628.4,624.18,628.04,68885700,626.26
2025-07-18,629.3,629.47,626.46,627.58,65621600,628.2
2025-07-21,628.77,631.54,628.34,628.77,63375000,629.36
2025-07-22,629.1,629.73,626.19,628.86,60046300,628.47
2025-07-23,631.55,634.21,629.73,634.21,70511000,632.43
2025-07-24,634.6,636.15,633.99,634.42,71307100,634.79
2025-07-25,635.09,637.58,634.84,637.1,56865400,636.15
2025-07-28,637.48,638.04,635.54,636.94,54917100,637.0
2025-07-29,638.35,638.67,634.34,635.26,60556300,636.65
2025-07-30,635.92,637.68,631.54,634.46,80418900,634.9
2025-07-31,639.46,639.85,630.77,632.08,103385200,635.54
2025-08-01,626.3,626.34,619.29,621.72,140103600,623.41
2025-08-04,625.67,631.22,625.58,631.17,73218000,628.41
2025-08-05,631.79,632.61,627.04,627.97,68051400,629.85
2025-08-06,629.05,633.44,628.13,632.78,64357500,630.85
2025-08-07,636.24,636.98,629.11,632.25,74205800,633.64
2025-08-08,634.06,637.65,633.74,637.18,64051600,635.66
2025-08-11,637.46,638.95,634.66,635.92,58742300,636.75
2025-08-12,638.29,642.85,636.79,642.69,64730800,640.15
2025-08-13,644.91,646.19,642.68,644.89,60092800,644.67
2025-08-14,642.79,645.62,642.34,644.95,59327500,643.93
2025-08-15,645.99,646.09,642.52,643.44,68592500,644.51
2025-08-18,642.86,644.0,642.18,643.3,43804900,643.08
2025-08-19,643.12,644.11,638.48,639.81,69750700,641.38
2025-08-20,639.4,639.66,632.95,638.11,88890300,637.53
2025-08-21,636.28,637.97,633.81,635.55,54805800,635.9
2025-08-22,637.76,646.5,637.25,645.31,84083200,641.71
2025-08-25,644.04,645.29,642.35,642.47,51274332,643.5375
2025-08-26,642.2,645.51,641.57,645.16,51581600,643.61
2025-08-27,644.57,647.37,644.42,646.63,48341100,645.7475
2025-08-28,647.24,649.48,645.34,648.92,61519500,647.745
2025-08-29,647.47,647.84,643.14,645.05,74522200,645.875
2025-09-02,637.5,640.49,634.92,640.27,81983545,638.295
2025-09-03,642.67,644.21,640.46,643.74,70820900,642.77
2025-09-04,644.42,649.15,643.51,649.12,65219228,646.55
2025-09-05,651.48,652.21,643.33,647.24,85178935,648.565
2025-09-08,648.62,649.84,647.23,648.83,63133104,648.63
2025-09-09,648.97,650.86,647.22,650.33,66133900,649.345
2025-09-10,653.62,654.55,650.63,652.21,78034529,652.7525
2025-09-11,654.18,658.33,653.59,657.63,69934400,655.9325
2025-09-12,657.6,659.11,656.9,657.41,72780135,657.755
2025-09-15,659.64,661.04,659.34,660.91,63772412,660.2325
2025-09-16,661.47,661.78,659.21,660.0,61169000,660.615
2025-09-17,660.01,661.72,654.3,659.18,101952244,658.8025
2025-09-18,661.89,664.89,660.27,662.26,90459242,662.3275
2025-09-19,662.33,664.55,660.37,663.7,97945620,662.7375
2025-09-22,662.2,667.29,662.17,666.84,69452201,664.625
2025-09-23,666.72,667.34,661.98,663.21,81708900,664.8125
2025-09-24,664.51,664.61,659.67,661.1,68082229,662.4725
2025-09-25,657.94,659.41,654.41,658.05,89622100,657.4525
2025-09-26,659.51,662.37,657.88,661.82,69179209,660.395
2025-09-29,664.36,665.28,661.86,663.68,73499015,663.795
2025-09-30,662.93,666.65,661.61,666.18,94151106,664.3425
2025-10-01,663.17,669.37,663.06,668.45,72545400,666.0125
2025-10-02,670.45,670.57,666.78,669.22,56896000,669.255
2025-10-03,669.99,672.68,668.16,669.21,70494400,670.01
2025-10-06,671.62,672.51,669.46,671.61,54623300,671.3
2025-10-07,672.54,672.99,667.67,669.12,72020100,670.58
2025-10-08,670.25,673.21,669.42,673.11,60702241,671.4975
2025-10-09,673.53,673.94,669.21,671.16,66501941,671.96
2025-10-10,672.13,673.95,652.84,653.02,159422600,662.985
2025-10-13,660.65,665.13,659.77,663.04,79560517,662.1475
2025-10-14,657.17,665.83,653.17,662.23,88779600,659.6
2025-10-15,666.82,670.23,658.93,665.17,81702600,665.2875
2025-10-16,666.82,668.71,657.11,660.64,110563346,663.32
2025-10-17,659.5,665.76,658.14,664.39,96500900,661.9475
2025-10-20,667.32,672.21,667.27,671.3,60493400,669.525
2025-10-21,671.44,672.99,669.98,671.29,56249034,671.425
2025-10-22,672.0,672.0,663.3,667.8,80564006,668.775
2025-10-23,668.12,672.71,667.8,671.76,65604500,670.0975
2025-10-24,676.46,678.47,675.65,677.25,74356527,676.9575
2025-10-27,682.73,685.54,682.12,685.24,63339800,683.9075
2025-10-28,687.05,688.91,684.83,687.06,61738100,686.9625
2025-10-29,688.72,689.7,682.87,687.39,85657100,687.17
2025-10-30,683.9,685.94,679.83,679.83,76335800,682.375
2025-10-31,685.04,685.08,679.24,682.06,87164122,682.855
2025-11-03,685.67,685.8,679.94,683.34,57315025,683.6875
2025-11-04,676.11,679.96,674.58,675.24,78427000,676.4725
2025-11-05,674.98,680.86,674.17,677.58,74402400,676.8975
2025-11-06,676.47,677.38,668.72,670.31,85035300,673.22
2025-11-07,667.91,671.08,661.21,670.97,100592443,667.7925
2025-11-10,677.24,682.18,675.03,681.44,75842900,678.9725
2025-11-11,679.95,683.57,678.73,683.0,58953400,681.3125
2025-11-12,684.79,684.96,680.95,683.38,62312500,683.52
2025-11-13,680.5,680.86,670.52,672.04,103457800,675.98
2025-11-14,665.38,675.66,663.27,671.93,96846700,669.06
2025-11-17,669.7,673.71,662.17,665.67,90456105,667.8125
2025-11-18,662.1,665.12,655.86,660.08,114467500,660.79
2025-11-19,660.78,667.34,658.75,662.63,94703000,662.375
2025-11-20,672.91,675.56,651.89,652.53,165293521,663.2225
2025-11-21,655.05,664.55,650.85,659.03,123956203,657.37
2025-11-24,662.69,670.06,661.59,668.73,80437940,665.7675
2025-11-25,668.63,676.21,664.48,675.02,81077100,671.085
2025-11-26,677.63,681.7,676.72,679.68,71879600,678.9325
2025-11-28,680.86,683.67,680.5,683.39,49212030,682.105
2025-12-01,678.81,682.99,678.74,680.27,61201200,680.2025
2025-12-02,681.92,683.82,679.33,681.53,62953844,681.65
2025-12-03,680.57,684.91,679.69,683.89,57238500,682.265
2025-12-04,685.3,685.37,681.34,684.39,61970336,684.1
2025-12-05,685.47,688.39,684.58,685.69,79241045,686.0325
2025-12-08,686.59,686.64,681.57,683.63,55231500,684.6075
2025-12-09,683.15,685.39,682.59,683.04,58310100,683.5425
2025-12-10,682.56,688.97,681.31,687.57,85671334,685.1025
2025-12-11,685.14,689.25,682.17,689.17,86173700,686.4325
2025-12-12,688.17,688.88,679.17,681.76,113160347,684.495
2025-12-15,685.74,685.76,679.25,680.73,90811000,682.87
2025-12-16,679.23,681.08,674.98,678.87,122030631,678.54
2025-12-17,679.89,680.44,671.2,671.4,110625200,675.7325
2025-12-18,677.6,680.74,674.9,676.47,108650128,677.4275
2025-12-19,676.59,681.09,676.47,680.59,103599543,678.685
2025-12-22,683.94,685.36,680.59,684.83,69556733,683.68
2025-12-23,683.92,688.2,683.87,687.96,64840000,685.9875
2025-12-24,687.95,690.83,687.8,690.38,39445600,689.24
2025-12-26,690.64,691.66,689.27,690.31,41613347,690.47
2025-12-29,687.54,689.2,686.07,687.85,62559503,687.665
2025-12-30,687.45,688.56,686.58,687.01,47160700,687.4
2025-12-31,687.14,687.36,681.71,681.92,74144801,684.5325
2026-01-02,685.71,686.87,679.82,683.17,89377203,683.8925
2026-01-05,686.54,689.43,686.38,687.72,71927200,687.5175
2026-01-06,687.93,692.32,687.78,691.81,69273827,689.96
2026-01-07,692.19,693.96,689.32,689.58,75588337,691.2625
2026-01-08,688.82,690.62,687.49,689.51,64019200,689.11
2026-01-09,690.63,695.31,689.18,694.07,80125500,692.2975
2026-01-12,690.68,696.09,690.63,695.16,63976002,693.14
2026-01-13,695.49,696.09,691.35,693.77,78309726,694.175
2026-01-14,691.0,691.72,686.04,690.36,94676700,689.78
2026-01-15,694.57,695.45,691.25,692.24,77862000,693.3775
2026-01-16,693.66,694.25,690.1,691.66,79289200,692.4175
2026-01-20,681.49,684.77,676.57,677.58,111623300,680.1025
2026-01-21,679.65,688.74,678.13,685.4,127844500,682.98
2026-01-22,689.85,691.13,686.92,688.98,77112243,689.22
2026-01-23,688.15,690.96,687.16,689.23,63059600,688.875
2026-01-26,690.49,694.13,689.92,692.73,60473813,691.8175
2026-01-27,694.18,696.53,693.57,695.49,55506147,694.9425
2026-01-28,697.05,697.84,693.94,695.42,61172200,696.0625
2026-01-29,696.39,697.06,684.83,694.04,97486200,693.08
2026-01-30,691.79,694.21,687.12,691.97,101835131,691.2725
2026-02-02,689.58,696.93,689.42,695.41,79286521,692.835
2026-02-03,696.21,696.96,684.03,689.53,107904611,691.6825
2026-02-04,690.35,691.45,681.76,686.19,105204600,687.4375
2026-02-05,680.94,683.69,675.79,677.62,113610812,679.51
2026-02-06,681.46,692.31,680.85,690.62,89127600,686.31
2026-02-09,689.42,695.87,688.34,693.95,73885200,691.895
2026-02-10,694.95,696.54,691.66,692.12,65185725,693.8175
2026-02-11,696.39,697.14,689.18,691.96,76353900,693.6675
2026-02-12,694.24,695.35,680.37,681.27,118829000,687.8075
2026-02-13,681.69,686.28,677.52,681.75,96267500,681.81
2026-02-17,680.14,684.94,675.78,682.85,81354700,680.9275
2026-02-18,684.02,689.15,682.83,686.29,73570341,685.5725
2026-02-19,683.84,686.18,681.55,684.48,58649400,684.0125
2026-02-20,682.32,690.06,681.73,689.43,100034000,685.885
2026-02-23,687.83,690.0,680.37,682.39,90558100,685.1475
2026-02-24,681.9,688.35,680.0,687.35,73798727,684.4
2026-02-25,690.18,693.68,690.1,693.15,56369500,691.7775
2026-02-26,693.28,693.3,684.35,689.3,71671000,690.0575
2026-02-27,683.09,686.86,681.64,685.99,83308900,684.395
2026-03-02,678.7,688.62,678.02,686.38,87477200,682.93
2026-03-03,675.06,682.61,669.66,680.33,105003113,676.915
2026-03-04,681.63,687.09,679.62,685.13,79182244,683.3675
2026-03-05,682.08,685.53,675.61,681.31,106606500,681.1325
2026-03-06,673.41,676.11,669.76,672.38,100687000,672.915
2026-03-09,666.39,679.92,662.39,678.27,102667711,671.7425
2026-03-10,677.72,683.36,674.76,677.18,81505315,678.255
2026-03-11,677.58,680.08,673.34,676.33,68441700,676.8325
2026-03-12,671.16,671.65,665.87,666.06,108882246,668.685
2026-03-13,669.27,672.34,661.36,662.29,97200242,666.315
2026-03-16,668.38,672.07,667.12,669.03,82023130,669.15
2026-03-17,672.39,674.44,669.7,670.79,87128044,671.83
2026-03-18,668.36,669.72,661.19,661.43,82062600,665.175
2026-03-19,656.97,662.98,655.17,659.8,111272539,658.73
2026-03-20,656.51,656.69,644.72,648.57,163617523,651.6225
2026-03-23,658.07,662.62,653.94,655.38,134802732,657.5025
2026-03-24,651.32,657.03,649.88,653.18,96457500,652.8525
2026-03-25,658.67,660.89,654.24,656.82,90653800,657.655
2026-03-26,652.06,654.85,644.82,645.09,96494400,649.205
2026-03-27,642.5,642.66,633.11,634.09,103649400,638.09
2026-03-30,640.11,640.37,629.28,631.97,99275900,635.4325
2026-03-31,638.94,651.54,637.98,650.34,152534103,644.7
2026-04-01,653.9,658.52,653.0,655.24,97841500,655.165
2026-04-02,646.42,658.2,645.11,655.83,68358713,651.39
2026-04-06,655.86,659.72,655.52,658.93,39105800,657.5075
2026-04-07,656.65,659.61,651.06,659.22,69980400,656.635
2026-04-08,676.39,677.08,671.46,676.01,93606114,675.235
2026-04-09,674.84,681.16,673.77,679.91,57134445,677.42
2026-04-10,681.32,682.03,678.45,679.46,42253500,680.315
2026-04-13,677.41,686.3,676.58,686.1,54185819,681.5975
2026-04-14,687.69,694.58,687.66,694.46,63480529,691.0975
2026-04-15,695.26,700.28,694.2,699.94,58240400,697.42
2026-04-16,701.06,702.78,698.53,701.66,49972400,701.0075
2026-04-17,706.14,712.39,705.76,710.14,70661926,708.6075
2026-04-20,708.78,709.91,706.14,708.72,43546812,708.3875
2026-04-21,710.28,711.28,702.64,704.08,58941400,707.07
2026-04-22,709.15,711.45,708.22,711.21,42518500,710.0075
2026-04-23,709.5,712.36,702.28,708.45,56174000,708.1475
2026-04-24,710.75,714.47,709.01,713.94,45182000,712.0425
2026-04-27,713.17,715.63,712.3,715.17,33135943,714.0675
2026-04-28,711.82,712.88,709.25,711.69,43117436,711.41
2026-04-29,711.0,712.2,708.37,711.58,41859227,710.7875
2026-04-30,714.63,719.79,710.45,718.66,67240949,715.8825
2026-05-01,721.25,724.87,720.47,720.65,43049849,721.81
2026-05-04,720.07,722.12,714.99,718.01,51950600,718.7975
2026-05-05,721.77,725.04,721.49,723.77,36933226,723.0175
2026-05-06,728.16,734.59,727.82,733.83,53288940,731.1
2026-05-07,735.05,736.13,729.75,731.58,51724642,733.1275
2026-05-08,734.93,738.08,734.57,737.62,47227100,736.3
2026-05-11,736.45,740.79,736.45,739.3,44024000,738.2475
2026-05-12,736.89,738.84,731.83,738.18,54185300,736.435
2026-05-13,738.47,743.91,735.47,742.31,44200203,740.04
2026-05-14,743.65,749.53,743.56,748.17,45307603,746.2275
2026-05-15,741.79,743.46,737.96,739.17,60410800,740.595
2026-05-18,739.83,741.42,733.39,738.65,47843900,738.3225
2026-05-19,734.78,737.65,731.53,733.73,54255913,734.4225
2026-05-20,735.71,741.87,733.89,741.25,45768035,738.18
2026-05-21,738.64,744.87,737.03,742.72,43332225,740.815
2026-05-22,746.24,748.94,744.48,745.64,41762006,746.325
2026-05-26,750.01,752.13,748.37,750.59,41123621,750.275
2026-05-27,750.88,751.38,748.22,750.46,42106300,750.235
2026-05-28,750.25,755.15,749.23,754.6,41562600,752.3075
2026-05-29,755.9,758.08,754.69,756.48,55075739,756.2875
2026-06-01,755.36,760.28,754.69,758.54,43634933,757.2175
2026-06-02,757.03,760.4,756.75,759.57,31581900,758.4375
2026-06-03,758.15,758.8,753.57,754.24,51402518,756.19
2026-06-04,752.1,758.31,751.47,757.09,49923036,754.7425
2026-06-05,752.31,752.82,735.53,737.55,93989416,744.5525
2026-06-08,743.36,745.34,738.19,739.22,49319144,741.5275
2026-06-09,743.63,746.9,722.59,737.05,87683517,737.5425
2026-06-10,733.39,738.38,725.33,725.43,60341349,730.6325
2026-06-11,728.76,740.0,724.41,737.76,86330522,732.7325
2026-06-12,740.71,744.44,735.03,741.75,57079533,740.4825
2026-06-15,751.85,756.68,751.76,754.83,60176425,753.78
2026-06-16,754.55,755.44,749.88,750.33,67093142,752.55
2026-06-17,751.29,752.15,739.22,740.96,85945227,745.905
2026-06-18,747.76,748.23,743.86,746.74,80875700,746.6475
2026-06-22,747.7,750.18,743.13,744.39,46628100,746.35
2026-06-23,733.81,739.63,732.3,733.58,66846800,734.83
2026-06-24,735.17,739.95,730.84,733.24,57439507,734.8
2026-06-25,738.91,739.37,729.6,734.3,54128100,735.545
2026-06-26,728.95,736.53,716.58,728.99,71034000,727.7625
2026-06-29,736.53,741.56,732.09,741.0,58035228,737.795
2026-06-30,741.29,748.02,740.89,746.77,55626035,744.2425
2026-07-01,745.0,749.44,742.38,745.76,47100900,745.645
2026-07-02,747.4,751.31,740.03,744.78,57505953,745.88
2026-07-06,748.74,752.41,747.41,751.28,50673310,749.96
2026-07-07,750.22,750.96,745.21,747.71,43721500,748.525
2026-07-08,743.16,746.15,739.51,745.4,43767400,743.555
2026-07-09,747.35,751.97,745.59,751.71,41441718,749.155
2026-07-10,752.05,755.42,748.1,754.95,42191313,752.63
2026-07-13,752.47,753.91,748.0,749.17,44013628,750.8875
2026-07-14,750.91,753.34,748.66,751.83,35143138,751.185
2026-07-15,754.24,755.58,750.2,754.81,43844800,753.7075
2026-07-16,752.76,754.57,747.88,750.72,46409814,751.4825
2026-07-17,742.08,747.29,740.8,743.29,62651000,743.365
2026-07-20,747.06,748.73,741.51,742.09,50422324,744.8475
2026-07-21,746.29,749.04,744.18,748.28,34324300,746.9475
2026-07-22,746.62,750.02,746.37,747.41,32836200,747.605
2026-07-23,739.37,742.56,735.21,738.18,55437332,738.83
2026-07-24,738.51,743.72,737.29,738.93,44782000,739.6125
2026-07-27,744.91,745.53,735.87,739.09,41461200,741.35
2026-07-28,739.19,742.79,735.98,740.86,47322247,739.705
2026-07-29,739.97,742.68,729.1,729.46,70697215,735.3025
2026-07-30,736.05,742.45,734.59,741.69,66811300,738.695
2026-07-31,744.68,748.9,737.68,747.03,62445900,744.5725
2026-08-03,749.44,758.58,748.8,757.67,59927538,753.6225
2026-08-04,760.63,773.41,760.52,771.33,69154800,766.4725
2026-08-05,775.85,776.85,769.51,769.79,44689100,773.0
2026-08-06,770.21,771.82,767.46,768.56,38416900,769.5125
2026-08-07,771.02,773.92,769.61,773.26,43586333,771.9525
2026-08-10,772.6,775.05,771.62,773.03,39249500,773.075
2026-08-11,774.53,774.61,769.2,770.56,36740600,772.225
2026-08-12,774.71,774.9,771.28,772.49,33179126,773.345
2026-08-13,774.87,779.37,774.11,777.88,35634500,776.5575
2026-08-14,778.54,778.8,775.43,776.34,31367913,777.2775
2026-08-17,776.18,776.78,772.51,772.67,34356600,774.535
2026-08-18,768.7,769.5,766.92,767.45,43920908,768.1425
2026-08-19,770.36,772.47,768.1,769.06,40306023,769.9975
2026-08-20,765.96,768.15,762.04,762.6,45520302,764.6875
2026-08-21,766.05,767.85,764.17,765.72,39188700,765.9475
2026-08-24,764.78,765.22,762.08,763.47,32430900,763.8875
2026-08-25,766.16,766.78,763.05,765.91,27422300,765.475
2026-08-26,764.73,767.35,763.93,766.08,28751600,765.5225
2026-08-27,768.5,772.36,767.16,771.1,34557100,769.78
2026-08-28,771.76,775.3,768.31,769.35,36744344,771.18
2026-08-31,767.33,768.0,764.72,767.05,38810800,766.775
2026-09-01,762.01,764.67,759.48,761.78,41126315,761.985
2026-09-02,762.45,766.43,761.73,765.16,29566216,763.9425
2026-09-03,767.9,774.03,767.45,773.17,43531600,770.6375
2026-09-04,772.01,772.87,769.0,770.19,34054200,771.0175
2026-09-08,769.07,769.7,765.14,765.96,44746100,767.4675
2026-09-09,764.08,764.47,760.94,762.4,32812411,762.9725
2026-09-10,758.03,760.11,756.64,757.83,42740400,758.1525
2026-09-11,764.72,766.38,763.6,764.29,45512741,764.7475
2026-09-14,759.0,763.52,757.93,760.88,43992428,760.3325
2026-09-15,760.12,760.35,756.15,757.39,46195000,758.5025
2026-09-16,759.5,761.67,749.6,754.05,59217700,756.205
2026-09-17,763.15,763.57,759.96,762.6,49652800,762.32
2026-09-18,761.31,762.0,757.97,761.69,65395148,760.7425
2026-09-21,766.25,774.89,766.03,773.5,50484700,770.1675
2026-09-22,774.03,775.14,772.57,773.38,34802336,773.78
2026-09-23,772.79,773.05,766.5,767.81,54931700,770.0375
2026-09-24,764.07,768.95,763.25,767.18,43983700,765.8625
2026-09-25,768.78,772.28,766.29,771.35,36666734,769.675
2026-09-28,768.35,769.54,763.72,765.61,42694500,766.805
2026-09-29,766.83,766.98,762.35,764.2,36910546,765.09
2026-09-30,766.45,769.41,762.18,762.63,62110041,765.1675
2026-10-01,764.36,765.65,758.79,763.99,47708100,763.1975
2026-10-02,770.58,772.65,767.15,769.64,46335300,770.005
2026-10-05,769.69,776.61,769.63,774.83,44840200,772.69
2026-10-06,778.15,781.62,777.96,779.09,36054300,779.205
2026-10-07,775.77,779.1,773.61,777.22,30989170,776.425
